,outDegree,indegreeAveGene,indegreeVarGene,indispenAveGene,indispenVarGene,numTissueAve,numTissueVar,closeAveGene,closeVarGene,degreeAveGene,degreeVarGene,pgrkAveGene,pgrkVarGene,egAveGene,egVarGene,SG1_outDegree,SG1_indegreeAveGene,SG1_indegreeVarGene,SG8_outDegree,SG8_indegreeAveGene,SG8_indegreeVarGene,SG19_outDegree,SG19_indegreeAveGene,SG19_indegreeVarGene,SG29_outDegree,SG29_indegreeAveGene,SG29_indegreeVarGene,SG32_outDegree,SG32_indegreeAveGene,SG32_indegreeVarGene,SG36_outDegree,SG36_indegreeAveGene,SG36_indegreeVarGene,SG37_outDegree,SG37_indegreeAveGene,SG37_indegreeVarGene,SG38_outDegree,SG38_indegreeAveGene,SG38_indegreeVarGene,SG47_outDegree,SG47_indegreeAveGene,SG47_indegreeVarGene,SG50_outDegree,SG50_indegreeAveGene,SG50_indegreeVarGene,SG53_outDegree,SG53_indegreeAveGene,SG53_indegreeVarGene,SG57_outDegree,SG57_indegreeAveGene,SG57_indegreeVarGene,SG65_outDegree,SG65_indegreeAveGene,SG65_indegreeVarGene,SG68_outDegree,SG68_indegreeAveGene,SG68_indegreeVarGene,SG72_outDegree,SG72_indegreeAveGene,SG72_indegreeVarGene,conservation,numTissue
chr1-169910800-169912800,4,44.25,66.6875,0.8362691068368859,0.0121380858549758,2.5,2.25,0.0590845574554027,0.0024075622048296,0.0002743243701851,2.034976136222544e-08,6.186303588602518e-05,2.221460015443237e-09,4.289885695834293e-05,2.812662534773776e-09,3.0,11.666666666666664,4.2222222222222205,3.0,24.33333333333333,16.222222222222225,0.0,0.0,0.0,0.0,0.0,0.0,0.0,0.0,0.0,0.0,0.0,0.0,0.0,0.0,0.0,0.0,0.0,0.0,1.0,5.0,0.0,0.0,0.0,0.0,0.0,0.0,0.0,0.0,0.0,0.0,0.0,0.0,0.0,0.0,0.0,0.0,0.0,0.0,0.0,0.450548,5
chr9-159600-160400,4,29.25,23.1875,0.3118678710614566,0.1426803379567086,1.0,0.0,0.001749802251256,8.061187073981041e-06,0.0001131234516227,3.483604722473633e-10,1.5590742877034408e-05,4.350883592046109e-12,1.4281266631907402e-21,6.118637298348957e-42,0.0,0.0,0.0,4.0,15.75,2.1875,0.0,0.0,0.0,0.0,0.0,0.0,0.0,0.0,0.0,0.0,0.0,0.0,0.0,0.0,0.0,0.0,0.0,0.0,0.0,0.0,0.0,0.0,0.0,0.0,0.0,0.0,0.0,0.0,0.0,0.0,0.0,0.0,0.0,0.0,0.0,0.0,0.0,0.0,0.0,0.659891,0
chr4-155533800-155535600,5,40.4,15.44,0.3929932998126953,0.0616090032265355,2.6,0.6400000000000002,0.0243806571329555,0.0004480624327506,0.0001802433662522,1.3877543710752103e-10,2.369548477689461e-05,2.9785241777116444e-11,2.401442590267506e-10,2.3067195096162176e-19,4.0,23.0,29.5,4.0,26.0,0.5,0.0,0.0,0.0,0.0,0.0,0.0,0.0,0.0,0.0,0.0,0.0,0.0,5.0,8.6,1.0399999999999998,0.0,0.0,0.0,0.0,0.0,0.0,0.0,0.0,0.0,0.0,0.0,0.0,0.0,0.0,0.0,0.0,0.0,0.0,0.0,0.0,0.0,0.0,0.0,0.0,0.0574133,2
chr11-8317200-8319000,1,45.0,0.0,0.704953841526735,0.0,6.0,0.0,0.0377843198594797,0.0,0.0001923098677586,0.0,4.427950863311441e-05,0.0,1.121171226145562e-13,0.0,1.0,19.0,0.0,1.0,36.0,0.0,0.0,0.0,0.0,0.0,0.0,0.0,0.0,0.0,0.0,1.0,1.0,0.0,0.0,0.0,0.0,0.0,0.0,0.0,1.0,7.0,0.0,0.0,0.0,0.0,0.0,0.0,0.0,0.0,0.0,0.0,1.0,2.0,0.0,0.0,0.0,0.0,0.0,0.0,0.0,0.335124,5
chr3-157903000-157904600,1,22.0,0.0,0.94156220422927,0.0,1.0,0.0,0.077233073148043,0.0,0.0001093526699019,0.0,2.3385686748627902e-05,0.0,1.5107546138842088e-07,0.0,0.0,0.0,0.0,1.0,12.0,0.0,0.0,0.0,0.0,0.0,0.0,0.0,0.0,0.0,0.0,0.0,0.0,0.0,0.0,0.0,0.0,0.0,0.0,0.0,0.0,0.0,0.0,0.0,0.0,0.0,0.0,0.0,0.0,0.0,0.0,0.0,0.0,0.0,0.0,0.0,0.0,0.0,0.0,0.0,0.0,0.674299,0
chr16-10320000-10321200,1,61.0,0.0,0.8380966237451741,0.0,5.0,0.0,0.0441176087564528,0.0,0.0002828086290568,0.0,8.404787919384974e-05,0.0,1.6438249680039726e-13,0.0,0.0,0.0,0.0,1.0,37.0,0.0,0.0,0.0,0.0,0.0,0.0,0.0,1.0,6.0,0.0,0.0,0.0,0.0,0.0,0.0,0.0,0.0,0.0,0.0,1.0,21.0,0.0,1.0,2.0,0.0,0.0,0.0,0.0,0.0,0.0,0.0,0.0,0.0,0.0,0.0,0.0,0.0,0.0,0.0,0.0,0.374137,4
chr3-9469600-9471800,4,33.0,70.5,0.4938750513049721,0.0504351693920024,2.25,0.6875,0.0337303016528186,0.0011889104666151,0.0001319773602265,8.389088923507933e-10,2.0967473041539944e-05,2.8579849321604096e-11,2.987148701048646e-08,2.3887310653014974e-15,1.0,9.0,0.0,4.0,23.25,71.1875,0.0,0.0,0.0,0.0,0.0,0.0,0.0,0.0,0.0,1.0,4.0,0.0,1.0,1.0,0.0,0.0,0.0,0.0,0.0,0.0,0.0,0.0,0.0,0.0,0.0,0.0,0.0,0.0,0.0,0.0,0.0,0.0,0.0,0.0,0.0,0.0,0.0,0.0,0.0,0.487082,4
chr3-147029600-147031400,1,20.0,0.0,0.9948079295415742,0.0,2.0,0.0,0.1433731938137012,0.0,0.0001055818881812,0.0,0.0002537745819571,0.0,0.0094948790826609,0.0,0.0,0.0,0.0,1.0,12.0,0.0,0.0,0.0,0.0,0.0,0.0,0.0,0.0,0.0,0.0,0.0,0.0,0.0,0.0,0.0,0.0,0.0,0.0,0.0,1.0,5.0,0.0,0.0,0.0,0.0,0.0,0.0,0.0,0.0,0.0,0.0,0.0,0.0,0.0,0.0,0.0,0.0,0.0,0.0,0.0,0.667738,1
chr21-34467200-34469600,8,37.5,18.25,0.7866686368540838,0.0781932902028186,2.375,1.234375,0.0182517696342136,0.000461189278993,0.0001659143957133,9.100028662788265e-10,1.6938002960537193e-05,1.7319691126514106e-11,4.29392648225571e-09,1.2906376684791144e-16,0.0,0.0,0.0,6.0,23.66666666666667,49.88888888888889,0.0,0.0,0.0,0.0,0.0,0.0,7.0,19.714285714285715,13.918367346938776,0.0,0.0,0.0,0.0,0.0,0.0,0.0,0.0,0.0,0.0,0.0,0.0,3.0,6.333333333333332,2.888888888888889,0.0,0.0,0.0,0.0,0.0,0.0,0.0,0.0,0.0,0.0,0.0,0.0,0.0,0.0,0.0,0.339318,3
chr12-103572000-103573800,1,29.0,0.0,0.937351809080587,0.0,2.0,0.0,0.0001093526699019,0.0,0.0001093526699019,0.0,3.133245767901569e-05,0.0,2.1072928206500447e-37,0.0,0.0,0.0,0.0,1.0,24.0,0.0,0.0,0.0,0.0,0.0,0.0,0.0,0.0,0.0,0.0,0.0,0.0,0.0,0.0,0.0,0.0,0.0,0.0,0.0,0.0,0.0,0.0,1.0,3.0,0.0,0.0,0.0,0.0,0.0,0.0,0.0,0.0,0.0,0.0,0.0,0.0,0.0,0.0,0.0,0.0,0.300418,1
chr2-164661800-164662000,1,58.0,0.0,0.167201445920311,0.0,1.0,0.0,0.0002187053398039,0.0,0.0002187053398039,0.0,7.506398191236824e-05,0.0,4.212856935130637e-37,0.0,0.0,0.0,0.0,1.0,42.0,0.0,0.0,0.0,0.0,0.0,0.0,0.0,0.0,0.0,0.0,0.0,0.0,0.0,0.0,0.0,0.0,0.0,0.0,0.0,0.0,0.0,0.0,0.0,0.0,0.0,0.0,0.0,0.0,0.0,0.0,0.0,0.0,0.0,0.0,0.0,0.0,0.0,0.0,0.0,0.0,1.0,1
chr2-172936600-172938600,3,36.66666666666666,6.888888888888888,0.9234088514935048,0.0046942709647619,2.333333333333333,0.2222222222222222,0.0364504181697407,0.0011892012724206,0.0001671713229536,3.4441080702913936e-10,2.396143352273946e-05,7.078681718510357e-11,8.114922360360348e-08,1.3170392982616643e-14,0.0,0.0,0.0,3.0,29.0,2.0,0.0,0.0,0.0,0.0,0.0,0.0,0.0,0.0,0.0,0.0,0.0,0.0,2.0,1.5,0.25,0.0,0.0,0.0,0.0,0.0,0.0,2.0,5.0,4.0,0.0,0.0,0.0,0.0,0.0,0.0,0.0,0.0,0.0,0.0,0.0,0.0,0.0,0.0,0.0,0.90557,2
chr9-3400800-3402600,1,47.0,0.0,0.11437135981131,0.0,6.0,0.0,0.0001772267408756,0.0,0.0001772267408756,0.0,4.3857505881772017e-05,0.0,3.4141946848104127e-37,0.0,0.0,0.0,0.0,1.0,33.0,0.0,0.0,0.0,0.0,0.0,0.0,0.0,0.0,0.0,0.0,0.0,0.0,0.0,0.0,0.0,0.0,1.0,4.0,0.0,0.0,0.0,0.0,1.0,9.0,0.0,1.0,17.0,0.0,0.0,0.0,0.0,0.0,0.0,0.0,0.0,0.0,0.0,0.0,0.0,0.0,0.442582,5
chr2-176940200-176940800,11,27.63636363636364,31.685950413223143,0.8174807913092789,0.0137984403885124,2.9090909090909087,0.8099173553719009,0.0335804118665581,0.0002704489534854,0.0001282065785057,3.9812625399698665e-10,1.1129614749644556e-05,3.572287986355233e-11,9.158666250919896e-11,1.0239889522406327e-20,7.0,15.285714285714285,21.06122448979592,10.0,14.4,13.64,0.0,0.0,0.0,0.0,0.0,0.0,0.0,0.0,0.0,0.0,0.0,0.0,0.0,0.0,0.0,0.0,0.0,0.0,9.0,10.77777777777778,8.395061728395063,6.0,3.6666666666666665,0.5555555555555555,0.0,0.0,0.0,0.0,0.0,0.0,0.0,0.0,0.0,0.0,0.0,0.0,0.0,0.0,0.0,0.8636520000000001,3
chr6-118857400-118859400,2,39.0,49.0,0.53917561279198,0.0,7.0,25.0,0.0002070602786075,7.464141562709631e-09,0.000154602050551,1.15172237763414e-09,3.8312009383860464e-05,2.015654879225053e-10,6.095417953742584e-36,3.4373678185092735e-71,1.0,10.0,0.0,2.0,16.5,0.25,1.0,3.0,0.0,1.0,20.0,0.0,0.0,0.0,0.0,0.0,0.0,0.0,0.0,0.0,0.0,1.0,2.0,0.0,1.0,26.0,0.0,0.0,0.0,0.0,0.0,0.0,0.0,0.0,0.0,0.0,1.0,2.0,0.0,2.0,19.0,1.0,0.0,0.0,0.0,0.171604,11
chr18-35178000-35179800,1,43.0,0.0,0.7311969523931159,0.0,3.0,0.0,0.0001621436139926,0.0,0.0001696851774341,0.0,5.595797617935018e-05,0.0,3.1237720483303203e-37,0.0,0.0,0.0,0.0,1.0,26.0,0.0,0.0,0.0,0.0,0.0,0.0,0.0,0.0,0.0,0.0,0.0,0.0,0.0,0.0,0.0,0.0,1.0,5.0,0.0,1.0,8.0,0.0,0.0,0.0,0.0,0.0,0.0,0.0,0.0,0.0,0.0,0.0,0.0,0.0,0.0,0.0,0.0,0.0,0.0,0.0,0.453291,2
chrX-150407400-150409200,1,27.0,0.0,0.000853926310786,0.0,3.0,0.0,0.0001018111064604,0.0,0.0001018111064604,0.0,2.963414605830297e-05,0.0,1.962081502410004e-37,0.0,0.0,0.0,0.0,1.0,25.0,0.0,0.0,0.0,0.0,0.0,0.0,0.0,0.0,0.0,0.0,0.0,0.0,0.0,0.0,0.0,0.0,0.0,0.0,0.0,0.0,0.0,0.0,1.0,2.0,0.0,0.0,0.0,0.0,0.0,0.0,0.0,0.0,0.0,0.0,0.0,0.0,0.0,0.0,0.0,0.0,0.309634,2
chr14-36814000-36816400,2,34.5,42.25,0.6407779313375379,0.089919335409369,2.5,2.25,0.0397367803737377,0.0008228004459807,0.0001753413500152,8.886746741004159e-11,4.538794926891674e-05,4.758824827503427e-10,1.0008917687403756e-08,1.0017843325420131e-16,0.0,0.0,0.0,2.0,26.5,110.25,0.0,0.0,0.0,0.0,0.0,0.0,0.0,0.0,0.0,0.0,0.0,0.0,0.0,0.0,0.0,0.0,0.0,0.0,0.0,0.0,0.0,1.0,4.0,0.0,0.0,0.0,0.0,0.0,0.0,0.0,0.0,0.0,0.0,0.0,0.0,0.0,0.0,0.0,0.0,0.563982,3
chr13-36073000-36075200,1,41.0,0.0,0.11437135981131,0.0,4.0,0.0,0.000154602050551,0.0,0.000154602050551,0.0,5.341050874828109e-05,0.0,2.9785607300902584e-37,0.0,0.0,0.0,0.0,1.0,28.0,0.0,0.0,0.0,0.0,1.0,6.0,0.0,0.0,0.0,0.0,0.0,0.0,0.0,0.0,0.0,0.0,0.0,0.0,0.0,0.0,0.0,0.0,1.0,2.0,0.0,0.0,0.0,0.0,0.0,0.0,0.0,0.0,0.0,0.0,0.0,0.0,0.0,0.0,0.0,0.0,0.710415,3
chr10-102546400-102548800,1,41.0,0.0,0.9607048610740848,0.0,3.0,0.0,0.0679739236887818,0.0,0.0001809975225964,0.0,4.747964810272258e-05,0.0,2.5778245916398414e-08,0.0,0.0,0.0,0.0,1.0,36.0,0.0,0.0,0.0,0.0,0.0,0.0,0.0,0.0,0.0,0.0,1.0,9.0,0.0,0.0,0.0,0.0,0.0,0.0,0.0,0.0,0.0,0.0,0.0,0.0,0.0,0.0,0.0,0.0,0.0,0.0,0.0,0.0,0.0,0.0,0.0,0.0,0.0,0.0,0.0,0.0,0.546866,2
chr10-103527000-103529200,5,40.6,42.64,0.7410347130237204,0.0320233217926996,3.8,3.7599999999999993,0.0304240801651803,0.0007637462887985,0.0001983431185118,6.265369734329722e-09,1.6441783835446993e-05,1.5558901571265098e-11,2.032856408582231e-08,1.6529557256338329e-15,3.0,14.666666666666664,2.8888888888888893,4.0,29.5,40.25,0.0,0.0,0.0,0.0,0.0,0.0,0.0,0.0,0.0,0.0,0.0,0.0,0.0,0.0,0.0,2.0,1.0,0.0,4.0,2.5,1.25,0.0,0.0,0.0,0.0,0.0,0.0,0.0,0.0,0.0,0.0,0.0,0.0,0.0,0.0,0.0,0.0,0.0,0.0,0.266139,5
chr7-31401600-31403800,1,41.0,0.0,0.307483654878265,0.0,1.0,0.0,0.000154602050551,0.0,0.000154602050551,0.0,4.7678707028375645e-05,0.0,2.9785607300902584e-37,0.0,0.0,0.0,0.0,1.0,28.0,0.0,0.0,0.0,0.0,0.0,0.0,0.0,0.0,0.0,0.0,0.0,0.0,0.0,0.0,0.0,0.0,0.0,0.0,0.0,0.0,0.0,0.0,0.0,0.0,0.0,0.0,0.0,0.0,0.0,0.0,0.0,0.0,0.0,0.0,0.0,0.0,0.0,0.0,0.0,0.0,0.434395,1
chr1-87821600-87822800,1,49.0,0.0,0.184575850497028,0.0,3.0,0.0,0.0598119421291038,0.0,0.0002187053398039,0.0,6.459677844521392e-05,0.0,2.415745522797045e-09,0.0,0.0,0.0,0.0,1.0,19.0,0.0,0.0,0.0,0.0,1.0,3.0,0.0,0.0,0.0,0.0,0.0,0.0,0.0,0.0,0.0,0.0,0.0,0.0,0.0,0.0,0.0,0.0,1.0,5.0,0.0,0.0,0.0,0.0,0.0,0.0,0.0,0.0,0.0,0.0,0.0,0.0,0.0,0.0,0.0,0.0,0.896292,3
chr7-96641200-96642800,3,27.0,24.66666666666667,0.6132446032378588,0.1476724716593819,1.6666666666666667,0.2222222222222222,0.0073989215497596,2.68171341024499e-05,0.0001156373061032,8.183706332160282e-10,2.012734139956625e-05,1.6570971666147248e-12,9.342405959060086e-19,5.720560248218417e-37,0.0,0.0,0.0,3.0,16.0,8.666666666666666,0.0,0.0,0.0,0.0,0.0,0.0,0.0,0.0,0.0,0.0,0.0,0.0,0.0,0.0,0.0,0.0,0.0,0.0,2.0,3.5,0.25,0.0,0.0,0.0,0.0,0.0,0.0,0.0,0.0,0.0,0.0,0.0,0.0,0.0,0.0,0.0,0.0,0.0,0.0,0.525752,1
chr2-66296800-66298400,1,22.0,0.0,0.99415280656789,0.0,1.0,0.0,0.050178113089032,0.0,0.0001168942333435,0.0,3.9498908465319126e-05,0.0,5.980919876247711e-10,0.0,0.0,0.0,0.0,0.0,0.0,0.0,0.0,0.0,0.0,0.0,0.0,0.0,0.0,0.0,0.0,0.0,0.0,0.0,0.0,0.0,0.0,0.0,0.0,0.0,1.0,7.0,0.0,0.0,0.0,0.0,0.0,0.0,0.0,0.0,0.0,0.0,0.0,0.0,0.0,0.0,0.0,0.0,0.0,0.0,0.0,0.44476,1
chr13-72425600-72427200,1,58.0,0.0,0.545617906625159,0.0,5.0,0.0,0.0100779452859694,0.0,0.0002451008118493,0.0,7.539227766057042e-05,0.0,7.219253409514802e-20,0.0,1.0,22.0,0.0,1.0,27.0,0.0,0.0,0.0,0.0,0.0,0.0,0.0,0.0,0.0,0.0,0.0,0.0,0.0,0.0,0.0,0.0,1.0,5.0,0.0,0.0,0.0,0.0,0.0,0.0,0.0,1.0,11.0,0.0,0.0,0.0,0.0,0.0,0.0,0.0,0.0,0.0,0.0,0.0,0.0,0.0,0.6158640000000001,4
chr14-57431000-57432600,1,52.0,0.0,0.7962658282333399,0.0,1.0,0.0,0.0524331017133013,0.0,0.0002111637763624,0.0,5.207464848454221e-05,0.0,8.626551309436508e-10,0.0,0.0,0.0,0.0,1.0,50.0,0.0,0.0,0.0,0.0,0.0,0.0,0.0,0.0,0.0,0.0,0.0,0.0,0.0,0.0,0.0,0.0,0.0,0.0,0.0,0.0,0.0,0.0,0.0,0.0,0.0,0.0,0.0,0.0,0.0,0.0,0.0,0.0,0.0,0.0,0.0,0.0,0.0,0.0,0.0,0.0,0.5759340000000001,0
chr10-126905000-126906000,1,32.0,0.0,1.0,0.0,1.0,0.0,0.0132025744716075,0.0,0.000904987612982,0.0,0.0001155833415947,0.0,9.550269984065436e-19,0.0,0.0,0.0,0.0,0.0,0.0,0.0,0.0,0.0,0.0,0.0,0.0,0.0,0.0,0.0,0.0,0.0,0.0,0.0,0.0,0.0,0.0,0.0,0.0,0.0,0.0,0.0,0.0,0.0,0.0,0.0,0.0,0.0,0.0,1.0,8.0,0.0,0.0,0.0,0.0,0.0,0.0,0.0,0.0,0.0,0.0,0.36634,1
chr10-119725600-119727200,1,43.0,0.0,0.886038745382978,0.0,1.0,0.0,0.0852236249901117,0.0,0.0002111637763624,0.0,8.868092855284872e-05,0.0,1.826123804629756e-05,0.0,0.0,0.0,0.0,0.0,0.0,0.0,0.0,0.0,0.0,0.0,0.0,0.0,0.0,0.0,0.0,0.0,0.0,0.0,0.0,0.0,0.0,0.0,0.0,0.0,0.0,0.0,0.0,0.0,0.0,0.0,0.0,0.0,0.0,0.0,0.0,0.0,0.0,0.0,0.0,0.0,0.0,0.0,0.0,0.0,0.0,0.359052,1
chr7-54636200-54637200,1,26.0,0.0,0.0165085417973446,0.0,1.0,0.0,9.80403247397218e-05,0.0,9.80403247397218e-05,0.0,3.218161348937205e-05,0.0,1.8894758432899867e-37,0.0,0.0,0.0,0.0,1.0,21.0,0.0,0.0,0.0,0.0,0.0,0.0,0.0,0.0,0.0,0.0,0.0,0.0,0.0,0.0,0.0,0.0,0.0,0.0,0.0,0.0,0.0,0.0,0.0,0.0,0.0,0.0,0.0,0.0,0.0,0.0,0.0,0.0,0.0,0.0,0.0,0.0,0.0,0.0,0.0,0.0,0.648578,0
chr10-120074400-120076200,1,34.0,0.0,0.7858786789380721,0.0,5.0,0.0,0.0001282065785057,0.0,0.0001282065785057,0.0,3.848962808059073e-05,0.0,2.4703211162501406e-37,0.0,1.0,17.0,0.0,1.0,24.0,0.0,0.0,0.0,0.0,0.0,0.0,0.0,0.0,0.0,0.0,1.0,1.0,0.0,0.0,0.0,0.0,0.0,0.0,0.0,0.0,0.0,0.0,1.0,1.0,0.0,0.0,0.0,0.0,0.0,0.0,0.0,0.0,0.0,0.0,0.0,0.0,0.0,0.0,0.0,0.0,0.712633,4
chr10-103265600-103267800,2,52.5,20.25,0.8757596842997385,0.0089415649088648,4.0,1.0,0.043415849665707,0.0018692524398366,0.000233788466687,1.421879478560665e-09,3.174002621349086e-05,6.18817045461175e-11,1.3295485480550124e-07,1.7676993416351918e-14,2.0,15.5,2.25,2.0,27.5,30.25,0.0,0.0,0.0,0.0,0.0,0.0,0.0,0.0,0.0,1.0,2.0,0.0,0.0,0.0,0.0,0.0,0.0,0.0,0.0,0.0,0.0,2.0,7.5,6.25,0.0,0.0,0.0,0.0,0.0,0.0,0.0,0.0,0.0,0.0,0.0,0.0,0.0,0.0,0.0,0.474947,5
chr14-36933400-36935000,2,40.0,1.0,0.634564830566062,0.0862317485329418,1.0,0.0,0.0432960164849589,0.0010396584124437,0.0001828829134567,2.8793059440853486e-10,2.679165209008161e-05,1.0358315397840983e-11,2.5194495624708454e-08,6.347626097355701e-16,0.0,0.0,0.0,0.0,0.0,0.0,0.0,0.0,0.0,0.0,0.0,0.0,0.0,0.0,0.0,0.0,0.0,0.0,0.0,0.0,0.0,0.0,0.0,0.0,0.0,0.0,0.0,2.0,5.0,0.0,0.0,0.0,0.0,0.0,0.0,0.0,0.0,0.0,0.0,0.0,0.0,0.0,0.0,0.0,0.0,0.7913789999999999,1
chr7-35414400-35416400,1,47.0,0.0,0.98105835482193,0.0,1.0,0.0,0.1346157670083289,0.0,0.0003619950451928,0.0,0.0002003459410708,0.0,0.0013622941563838,0.0,0.0,0.0,0.0,0.0,0.0,0.0,0.0,0.0,0.0,0.0,0.0,0.0,0.0,0.0,0.0,0.0,0.0,0.0,0.0,0.0,0.0,0.0,0.0,0.0,1.0,6.0,0.0,0.0,0.0,0.0,0.0,0.0,0.0,0.0,0.0,0.0,0.0,0.0,0.0,0.0,0.0,0.0,0.0,0.0,0.0,0.216362,1
chr1-62053400-62055600,2,44.0,4.0,0.2515115889670677,0.0611637028460888,2.0,0.0,0.0001956632728767,4.931647827416351e-10,0.0001715705682945,3.5546986964016947e-12,3.7641380222509965e-05,3.090766717921328e-12,3.597783280013893e-36,1.0651244077052317e-71,2.0,19.0,4.0,2.0,21.5,12.25,0.0,0.0,0.0,0.0,0.0,0.0,0.0,0.0,0.0,0.0,0.0,0.0,0.0,0.0,0.0,0.0,0.0,0.0,0.0,0.0,0.0,0.0,0.0,0.0,0.0,0.0,0.0,0.0,0.0,0.0,0.0,0.0,0.0,0.0,0.0,0.0,0.0,0.0,0.0,0.314475,1
chr8-99428200-99429400,2,52.5,72.25,0.23134028158654,0.0516306943788402,3.0,4.0,0.0001979660403398,1.0273079232600816e-09,0.0001998514312002,9.100028662788271e-10,3.814693305712549e-05,1.7312784822189874e-11,3.81352580997053e-37,3.808717804442603e-75,2.0,37.0,16.0,1.0,25.0,0.0,0.0,0.0,0.0,0.0,0.0,0.0,0.0,0.0,0.0,0.0,0.0,0.0,0.0,0.0,0.0,0.0,0.0,0.0,1.0,4.0,0.0,0.0,0.0,0.0,1.0,1.0,0.0,0.0,0.0,0.0,0.0,0.0,0.0,0.0,0.0,0.0,0.0,0.0,0.0,0.236262,4
chr11-31501400-31503200,4,28.5,0.75,0.2640833420100284,0.0022006453559417,2.75,2.1875,0.0106782564055011,0.0003327067912696,0.0001140661470529,4.5322408379121276e-11,1.7033420795744187e-05,6.223504462259868e-12,3.5922196669918934e-14,3.871212640777006e-27,1.0,3.0,0.0,2.0,18.5,0.25,0.0,0.0,0.0,0.0,0.0,0.0,0.0,0.0,0.0,0.0,0.0,0.0,0.0,0.0,0.0,0.0,0.0,0.0,0.0,0.0,0.0,0.0,0.0,0.0,0.0,0.0,0.0,0.0,0.0,0.0,0.0,0.0,0.0,4.0,8.75,1.6875,0.0,0.0,0.0,0.431979,4
chr10-102446600-102449000,4,30.25,39.1875,0.6597818927559329,0.1424167805436464,1.75,0.6875,0.0381675471273417,0.000823369878796,0.0001432897053888,1.45031706813188e-09,2.3464516627304817e-05,2.2754641213158838e-10,7.506711968689271e-09,1.1429142021987444e-16,1.0,8.0,0.0,1.0,36.0,0.0,0.0,0.0,0.0,0.0,0.0,0.0,3.0,8.333333333333334,0.8888888888888891,0.0,0.0,0.0,0.0,0.0,0.0,0.0,0.0,0.0,0.0,0.0,0.0,0.0,0.0,0.0,0.0,0.0,0.0,0.0,0.0,0.0,0.0,0.0,0.0,0.0,0.0,0.0,1.0,4.0,0.0,0.505466,4
chr10-103082000-103083800,3,50.33333333333334,10.888888888888893,0.6471682972371209,0.0931074435888024,2.333333333333333,0.8888888888888888,0.0044015931983514,2.26624037549318e-05,0.0002966348286996,1.6013522660767686e-08,2.968291321559973e-05,1.7617976361215703e-11,3.167578034334635e-19,2.006710112782071e-37,3.0,23.0,28.66666666666667,2.0,28.5,6.25,0.0,0.0,0.0,0.0,0.0,0.0,0.0,0.0,0.0,0.0,0.0,0.0,0.0,0.0,0.0,0.0,0.0,0.0,0.0,0.0,0.0,1.0,8.0,0.0,0.0,0.0,0.0,0.0,0.0,0.0,0.0,0.0,0.0,0.0,0.0,0.0,0.0,0.0,0.0,0.337429,3
chr14-29348200-29349600,2,24.0,1.0,0.459334460771464,0.1035973197764683,2.5,0.25,0.0102977170089344,0.0001042642969576,0.0001036964973208,2.8793059440853486e-10,2.027898913590584e-05,3.5954135106417104e-12,5.385922870704711e-16,2.900816516918006e-31,0.0,0.0,0.0,2.0,22.0,1.0,0.0,0.0,0.0,0.0,0.0,0.0,0.0,0.0,0.0,0.0,0.0,0.0,0.0,0.0,0.0,0.0,0.0,0.0,0.0,0.0,0.0,2.0,4.5,0.25,0.0,0.0,0.0,0.0,0.0,0.0,0.0,0.0,0.0,0.0,0.0,0.0,0.0,0.0,0.0,0.8786139999999999,2
chr14-22171800-22173600,4,33.75,27.1875,0.2470726383516177,0.0648193338855932,2.25,0.6875,0.0079041409366487,0.0001811026002755,0.0001329200556567,2.3727613798481127e-10,1.4663103746300837e-05,3.992281170719126e-11,4.721457733576963e-16,6.687648938986113e-31,2.0,7.0,0.0,4.0,24.0,9.5,0.0,0.0,0.0,0.0,0.0,0.0,0.0,0.0,0.0,0.0,0.0,0.0,0.0,0.0,0.0,0.0,0.0,0.0,0.0,0.0,0.0,0.0,0.0,0.0,0.0,0.0,0.0,0.0,0.0,0.0,0.0,0.0,0.0,3.0,12.0,0.0,0.0,0.0,0.0,0.168174,2
chr6-18536000-18538200,1,28.0,0.0,0.878586675408605,0.0,1.0,0.0,0.0102575126367547,0.0,0.000139518923668,0.0,2.456151992268156e-05,0.0,1.604584408342554e-19,0.0,0.0,0.0,0.0,1.0,15.0,0.0,0.0,0.0,0.0,0.0,0.0,0.0,0.0,0.0,0.0,0.0,0.0,0.0,0.0,0.0,0.0,0.0,0.0,0.0,0.0,0.0,0.0,0.0,0.0,0.0,0.0,0.0,0.0,0.0,0.0,0.0,0.0,0.0,0.0,0.0,0.0,0.0,0.0,0.0,0.0,0.385275,1
chr11-75757200-75759400,1,35.0,0.0,0.531738858846576,0.0,1.0,0.0,0.0232523642414314,0.0,0.0001357481419473,0.0,3.70316500445861e-05,0.0,9.77017642407934e-18,0.0,1.0,14.0,0.0,0.0,0.0,0.0,0.0,0.0,0.0,0.0,0.0,0.0,0.0,0.0,0.0,0.0,0.0,0.0,0.0,0.0,0.0,0.0,0.0,0.0,0.0,0.0,0.0,0.0,0.0,0.0,0.0,0.0,0.0,0.0,0.0,0.0,0.0,0.0,0.0,0.0,0.0,0.0,0.0,0.0,0.0,0.411957,1
chr16-72254600-72256600,1,50.0,0.0,0.187996926697818,0.0,4.0,0.0,0.0001885390860379,0.0,0.0001923098677586,0.0,3.196730273723449e-05,0.0,3.632011662170469e-37,0.0,1.0,16.0,0.0,1.0,31.0,0.0,0.0,0.0,0.0,0.0,0.0,0.0,0.0,0.0,0.0,0.0,0.0,0.0,0.0,0.0,0.0,0.0,0.0,0.0,0.0,0.0,0.0,0.0,0.0,0.0,1.0,9.0,0.0,0.0,0.0,0.0,0.0,0.0,0.0,0.0,0.0,0.0,0.0,0.0,0.0,0.346901,3
chr10-124827400-124829800,8,31.25,60.9375,0.5847251388110272,0.1351999207423452,1.875,0.859375,0.0102438471566778,0.0003038603163975,0.0001357481419473,1.965748379110121e-09,1.3949687823139971e-05,3.1796568219697754e-11,7.787530158928136e-10,4.245193815374959e-18,0.0,0.0,0.0,8.0,23.5,77.0,0.0,0.0,0.0,0.0,0.0,0.0,0.0,0.0,0.0,0.0,0.0,0.0,2.0,8.0,0.0,0.0,0.0,0.0,0.0,0.0,0.0,2.0,1.0,0.0,0.0,0.0,0.0,0.0,0.0,0.0,0.0,0.0,0.0,0.0,0.0,0.0,0.0,0.0,0.0,0.485404,3
chr17-13016800-13018800,1,33.0,0.0,0.48499883447584,0.0,6.0,0.0,0.0114147476373077,0.0,0.0001357481419473,0.0,4.328012764828046e-05,0.0,8.288389154573864e-19,0.0,1.0,8.0,0.0,1.0,20.0,0.0,0.0,0.0,0.0,0.0,0.0,0.0,1.0,5.0,0.0,1.0,2.0,0.0,0.0,0.0,0.0,0.0,0.0,0.0,0.0,0.0,0.0,0.0,0.0,0.0,0.0,0.0,0.0,0.0,0.0,0.0,0.0,0.0,0.0,1.0,3.0,0.0,0.0,0.0,0.0,0.202689,5
chr5-170628200-170630400,1,55.0,0.0,0.974062185586078,0.0,3.0,0.0,0.1314505871613009,0.0,0.000263954720453,0.0,0.0002469193025355,0.0,0.0006628289423092,0.0,0.0,0.0,0.0,1.0,43.0,0.0,0.0,0.0,0.0,0.0,0.0,0.0,0.0,0.0,0.0,0.0,0.0,0.0,0.0,0.0,0.0,0.0,0.0,0.0,0.0,0.0,0.0,1.0,7.0,0.0,0.0,0.0,0.0,0.0,0.0,0.0,0.0,0.0,0.0,0.0,0.0,0.0,0.0,0.0,0.0,0.76844,2
chr4-6299200-6301200,1,66.0,0.0,0.8811042477053559,0.0,6.0,0.0,0.1580288614853799,0.0,0.0002752670656153,0.0,0.0001676185860066,0.0,0.0174053409039249,0.0,1.0,7.0,0.0,1.0,47.0,0.0,0.0,0.0,0.0,0.0,0.0,0.0,0.0,0.0,0.0,0.0,0.0,0.0,0.0,0.0,0.0,0.0,0.0,0.0,1.0,14.0,0.0,0.0,0.0,0.0,0.0,0.0,0.0,1.0,5.0,0.0,0.0,0.0,0.0,0.0,0.0,0.0,0.0,0.0,0.0,0.004271,5
chr10-102372400-102374800,3,36.333333333333336,34.888888888888886,0.7288086393441391,0.1201052961987409,1.3333333333333333,0.2222222222222222,0.0439634991285404,0.0009627263974132,0.0001709421046743,2.0222285917307268e-10,2.9263459712209388e-05,1.8199915741860854e-10,1.0008949216112544e-08,1.2734379532359636e-16,0.0,0.0,0.0,2.0,35.0,1.0,0.0,0.0,0.0,0.0,0.0,0.0,0.0,0.0,0.0,0.0,0.0,0.0,0.0,0.0,0.0,0.0,0.0,0.0,2.0,5.0,1.0,0.0,0.0,0.0,0.0,0.0,0.0,0.0,0.0,0.0,0.0,0.0,0.0,0.0,0.0,0.0,0.0,0.0,0.0,0.482522,1
chr8-6187800-6190000,2,40.5,6.25,0.6196065257071646,0.0564368570263942,1.5,0.25,0.0296708626027055,0.0008718775612063,0.0001866536951775,1.2832462294010018e-09,4.0197368903633466e-05,9.149811623094396e-11,1.7253581034252556e-09,2.976860585055196e-18,0.0,0.0,0.0,2.0,25.0,4.0,0.0,0.0,0.0,0.0,0.0,0.0,0.0,0.0,0.0,0.0,0.0,0.0,0.0,0.0,0.0,0.0,0.0,0.0,0.0,0.0,0.0,1.0,3.0,0.0,0.0,0.0,0.0,0.0,0.0,0.0,0.0,0.0,0.0,0.0,0.0,0.0,0.0,0.0,0.0,0.129054,1
chr14-35609800-35610600,5,40.6,51.44,0.7769027878260354,0.0871797770728126,1.4,0.24,0.0717217874552274,0.002490355038057,0.0002352967793753,5.3383043143081655e-09,5.019127180024447e-05,1.3638063972056583e-09,0.0001145549055507,4.544455093700332e-08,0.0,0.0,0.0,2.0,19.5,0.25,0.0,0.0,0.0,0.0,0.0,0.0,0.0,0.0,0.0,0.0,0.0,0.0,0.0,0.0,0.0,0.0,0.0,0.0,0.0,0.0,0.0,0.0,0.0,0.0,0.0,0.0,0.0,0.0,0.0,0.0,0.0,0.0,0.0,5.0,13.4,19.44,0.0,0.0,0.0,0.143285,1
chr6-105261800-105262200,2,38.5,90.25,0.4406103569091791,0.0300784033695844,1.0,0.0,0.0001451750962492,1.2832462294010018e-09,0.0001470604871095,1.4218794785606663e-09,3.1173240964573884e-05,2.7606108789677996e-11,2.7970465822902367e-37,4.757602516967953e-75,0.0,0.0,0.0,2.0,30.5,240.25,0.0,0.0,0.0,0.0,0.0,0.0,0.0,0.0,0.0,0.0,0.0,0.0,0.0,0.0,0.0,0.0,0.0,0.0,0.0,0.0,0.0,0.0,0.0,0.0,0.0,0.0,0.0,0.0,0.0,0.0,0.0,0.0,0.0,0.0,0.0,0.0,0.0,0.0,0.0,0.086785,0
chr17-2400200-2401000,5,31.4,15.039999999999996,0.8345542854595551,0.0125451144823944,1.0,0.0,0.0490981964338799,0.0017362463412642,0.0001410272363563,7.735024363370032e-11,4.045189953165001e-05,7.075884473381788e-10,2.495813046619747e-05,2.396553879088681e-09,0.0,0.0,0.0,0.0,0.0,0.0,0.0,0.0,0.0,0.0,0.0,0.0,0.0,0.0,0.0,0.0,0.0,0.0,0.0,0.0,0.0,0.0,0.0,0.0,0.0,0.0,0.0,0.0,0.0,0.0,0.0,0.0,0.0,0.0,0.0,0.0,0.0,0.0,0.0,5.0,12.2,7.76,0.0,0.0,0.0,0.0690212,1
chr9-131412400-131412800,3,50.33333333333334,22.88888888888889,0.7649251276016417,0.0277153761357202,1.0,0.0,0.0987259149980445,0.0006403778164577,0.0002652116476933,6.657555691838499e-09,6.973749592130604e-05,4.202001180173842e-09,0.0005928461984268,6.912610155544565e-07,0.0,0.0,0.0,3.0,37.66666666666666,2.888888888888889,0.0,0.0,0.0,0.0,0.0,0.0,0.0,0.0,0.0,0.0,0.0,0.0,0.0,0.0,0.0,0.0,0.0,0.0,0.0,0.0,0.0,0.0,0.0,0.0,0.0,0.0,0.0,0.0,0.0,0.0,0.0,0.0,0.0,0.0,0.0,0.0,0.0,0.0,0.0,0.028035,0
chr7-88192200-88193000,1,28.0,0.0,0.134675532784405,0.0,1.0,0.0,0.0001055818881812,0.0,0.0001055818881812,0.0,2.666210072205572e-05,0.0,2.0346871615300227e-37,0.0,0.0,0.0,0.0,1.0,19.0,0.0,0.0,0.0,0.0,0.0,0.0,0.0,0.0,0.0,0.0,0.0,0.0,0.0,0.0,0.0,0.0,0.0,0.0,0.0,0.0,0.0,0.0,0.0,0.0,0.0,0.0,0.0,0.0,0.0,0.0,0.0,0.0,0.0,0.0,0.0,0.0,0.0,0.0,0.0,0.0,0.0071974999999999,0
chr6-119169600-119170000,1,35.0,0.0,0.973294904543727,0.0,1.0,0.0,0.0001319773602265,0.0,0.0001885390860379,0.0,2.506993357763754e-05,0.0,2.54292677537015e-37,0.0,0.0,0.0,0.0,0.0,0.0,0.0,0.0,0.0,0.0,0.0,0.0,0.0,0.0,0.0,0.0,0.0,0.0,0.0,0.0,0.0,0.0,1.0,3.0,0.0,0.0,0.0,0.0,0.0,0.0,0.0,0.0,0.0,0.0,0.0,0.0,0.0,0.0,0.0,0.0,0.0,0.0,0.0,0.0,0.0,0.0,0.046875,1
chr12-59942000-59944000,2,39.0,25.0,0.3356857554845789,0.0,1.5,0.25,0.0001470604871095,3.5546986964016677e-10,0.0001470604871095,3.5546986964016677e-10,3.366763615749568e-05,4.0559939452235445e-11,2.833349411850245e-37,1.3178954340631622e-75,1.0,7.0,0.0,0.0,0.0,0.0,0.0,0.0,0.0,0.0,0.0,0.0,0.0,0.0,0.0,0.0,0.0,0.0,0.0,0.0,0.0,0.0,0.0,0.0,0.0,0.0,0.0,0.0,0.0,0.0,0.0,0.0,0.0,0.0,0.0,0.0,0.0,0.0,0.0,2.0,19.0,4.0,0.0,0.0,0.0,0.122341,2
chr2-165861400-165862200,1,39.0,0.0,0.0889852292777493,0.0,1.0,0.0,0.0001470604871095,0.0,0.0001470604871095,0.0,3.1544746631604804e-05,0.0,2.8333494118502308e-37,0.0,1.0,28.0,0.0,0.0,0.0,0.0,0.0,0.0,0.0,0.0,0.0,0.0,0.0,0.0,0.0,0.0,0.0,0.0,0.0,0.0,0.0,0.0,0.0,0.0,0.0,0.0,0.0,0.0,0.0,0.0,0.0,0.0,0.0,0.0,0.0,0.0,0.0,0.0,0.0,0.0,0.0,0.0,0.0,0.0,0.0,0.08582,1
chr4-4155800-4156000,1,40.0,0.0,0.209346601756198,0.0,1.0,0.0,0.0001508312688303,0.0,0.0001508312688303,0.0,2.700176304619826e-05,0.0,2.905955070970247e-37,0.0,0.0,0.0,0.0,1.0,32.0,0.0,0.0,0.0,0.0,0.0,0.0,0.0,0.0,0.0,0.0,0.0,0.0,0.0,0.0,0.0,0.0,0.0,0.0,0.0,0.0,0.0,0.0,0.0,0.0,0.0,0.0,0.0,0.0,0.0,0.0,0.0,0.0,0.0,0.0,0.0,0.0,0.0,0.0,0.0,0.0,0.172285,0
chr22-23048800-23049400,3,62.33333333333334,169.55555555555554,0.4095796542757091,0.1742958742411586,1.0,0.0,0.0344134446090397,0.0023390777813949,0.0002991486831801,1.5786021944197976e-08,3.59167868369498e-05,3.4778966820067183e-10,1.7603249745891022e-07,6.197488032324249e-14,1.0,5.0,0.0,0.0,0.0,0.0,1.0,2.0,0.0,0.0,0.0,0.0,2.0,39.5,0.25,0.0,0.0,0.0,0.0,0.0,0.0,0.0,0.0,0.0,0.0,0.0,0.0,0.0,0.0,0.0,0.0,0.0,0.0,0.0,0.0,0.0,0.0,0.0,0.0,0.0,0.0,0.0,0.0,0.0,0.0,0.02239,2
chr6-157702000-157703000,2,34.0,1.0,0.655401337935434,0.0,1.5,0.25,0.048643158639295,0.0023540664662683,0.0001300919693661,3.1992288267614945e-11,3.060330587893466e-05,2.294755819641153e-11,1.48176345155513e-05,2.1956229263645719e-10,2.0,17.5,2.25,0.0,0.0,0.0,0.0,0.0,0.0,1.0,7.0,0.0,0.0,0.0,0.0,0.0,0.0,0.0,0.0,0.0,0.0,0.0,0.0,0.0,0.0,0.0,0.0,0.0,0.0,0.0,0.0,0.0,0.0,0.0,0.0,0.0,0.0,0.0,0.0,0.0,0.0,0.0,0.0,0.0,0.0,0.014495,2
chr13-84594000-84594200,1,52.0,0.0,0.4608638169284191,0.0,1.0,0.0,0.0878983425896881,0.0,0.0001998514312002,0.0,9.757915976622856e-05,0.0,6.917199621547464e-07,0.0,0.0,0.0,0.0,1.0,49.0,0.0,0.0,0.0,0.0,0.0,0.0,0.0,0.0,0.0,0.0,0.0,0.0,0.0,0.0,0.0,0.0,0.0,0.0,0.0,0.0,0.0,0.0,0.0,0.0,0.0,0.0,0.0,0.0,0.0,0.0,0.0,0.0,0.0,0.0,0.0,0.0,0.0,0.0,0.0,0.0,0.00115,0
chr22-23069600-23071200,3,62.66666666666666,157.55555555555554,0.687010935427967,0.1644320750846626,1.0,0.0,0.0505694993363022,0.0017545040452954,0.0003205164462644,1.1005347164059556e-08,4.145312045524589e-05,2.2881256515370638e-10,1.7603258261259264e-07,6.197485034362623e-14,0.0,0.0,0.0,0.0,0.0,0.0,0.0,0.0,0.0,0.0,0.0,0.0,1.0,35.0,0.0,0.0,0.0,0.0,0.0,0.0,0.0,0.0,0.0,0.0,0.0,0.0,0.0,0.0,0.0,0.0,0.0,0.0,0.0,0.0,0.0,0.0,0.0,0.0,0.0,2.0,13.5,0.25,0.0,0.0,0.0,0.0186356,2
chr2-184086800-184087800,1,37.0,0.0,0.95484921665292,0.0,1.0,0.0,0.0913234105773586,0.0,0.0003280580097059,0.0,4.316640883982827e-05,0.0,8.125307889246287e-07,0.0,0.0,0.0,0.0,1.0,24.0,0.0,0.0,0.0,0.0,0.0,0.0,0.0,0.0,0.0,0.0,0.0,0.0,0.0,0.0,0.0,0.0,0.0,0.0,0.0,0.0,0.0,0.0,0.0,0.0,0.0,0.0,0.0,0.0,0.0,0.0,0.0,0.0,0.0,0.0,0.0,0.0,0.0,0.0,0.0,0.0,0.305114,0
chr22-22775600-22777400,4,64.25,103.6875,0.7740379624820872,0.1451037168700443,2.0,0.5,0.1120352255471148,0.0049760745858976,0.0003591669589022,5.626199361729737e-09,0.0004917729765546,2.032355565505552e-07,0.0415722457870177,0.0017283949844786,0.0,0.0,0.0,4.0,35.75,0.6875,0.0,0.0,0.0,0.0,0.0,0.0,3.0,39.0,0.6666666666666666,0.0,0.0,0.0,0.0,0.0,0.0,0.0,0.0,0.0,1.0,8.0,0.0,0.0,0.0,0.0,0.0,0.0,0.0,0.0,0.0,0.0,0.0,0.0,0.0,0.0,0.0,0.0,0.0,0.0,0.0,0.0644266999999999,2
chr17-47169000-47171000,3,43.66666666666666,1.5555555555555554,0.2072225843573122,0.0204960347825125,1.6666666666666667,0.8888888888888891,0.0001646574684731,2.2118125222054768e-11,0.0001671713229536,6.003491131700585e-11,1.8348455087732924e-05,5.828819403329035e-11,3.172175821077001e-37,8.200238256395024e-77,1.0,27.0,0.0,3.0,33.0,62.0,0.0,0.0,0.0,0.0,0.0,0.0,0.0,0.0,0.0,0.0,0.0,0.0,0.0,0.0,0.0,0.0,0.0,0.0,1.0,3.0,0.0,0.0,0.0,0.0,0.0,0.0,0.0,0.0,0.0,0.0,0.0,0.0,0.0,0.0,0.0,0.0,0.0,0.0,0.0,0.0887805,2
chr17-15590200-15591000,6,25.5,11.583333333333336,0.2465232067879143,0.0304563784119702,1.5,0.25,0.0201011991725212,0.0016965843184043,0.0001043249609409,2.401396452680236e-10,1.228644035374588e-05,5.599924638732039e-11,4.098018508905925e-05,8.396877849667765e-09,0.0,0.0,0.0,3.0,14.0,2.6666666666666665,0.0,0.0,0.0,0.0,0.0,0.0,6.0,9.666666666666666,3.222222222222221,0.0,0.0,0.0,0.0,0.0,0.0,0.0,0.0,0.0,0.0,0.0,0.0,0.0,0.0,0.0,0.0,0.0,0.0,0.0,0.0,0.0,0.0,0.0,0.0,0.0,0.0,0.0,0.0,0.0,0.0,0.108349,1
chr4-4144400-4145800,4,34.0,12.5,0.206622955730374,0.0131792836936861,3.0,1.0,0.0128089514394737,0.0004822127831381,0.0001536593551209,1.7373589878663142e-09,2.252733693804129e-05,1.2231912124428556e-10,1.1393493254049936e-10,3.894350655902441e-20,2.0,14.5,2.25,1.0,32.0,0.0,0.0,0.0,0.0,0.0,0.0,0.0,3.0,10.333333333333334,0.2222222222222222,0.0,0.0,0.0,0.0,0.0,0.0,1.0,2.0,0.0,0.0,0.0,0.0,0.0,0.0,0.0,0.0,0.0,0.0,1.0,1.0,0.0,0.0,0.0,0.0,3.0,10.333333333333334,0.8888888888888891,0.0,0.0,0.0,0.159144,6
chr7-75664800-75665400,2,30.5,2.25,0.817919703305561,0.0322978110644317,1.0,0.0,0.084975346785831,0.0003103481476163,0.000179112131736,2.8793059440853533e-10,3.4756273777625805e-05,5.7298777292721816e-12,3.3002621102804245e-05,1.0888076296578904e-09,0.0,0.0,0.0,2.0,18.5,6.25,0.0,0.0,0.0,0.0,0.0,0.0,0.0,0.0,0.0,0.0,0.0,0.0,0.0,0.0,0.0,0.0,0.0,0.0,0.0,0.0,0.0,0.0,0.0,0.0,0.0,0.0,0.0,0.0,0.0,0.0,0.0,0.0,0.0,0.0,0.0,0.0,0.0,0.0,0.0,0.00248667,0
chr14-100667600-100668400,2,32.5,2.25,0.4334563373699769,0.101815222903615,2.0,0.0,0.0002043698679173,7.651986644089607e-09,0.0001338627510869,2.8793059440853486e-10,1.7944744624817826e-05,1.2387483287496551e-11,7.536640287274941e-36,5.345642188065036e-71,0.0,0.0,0.0,2.0,19.5,20.25,0.0,0.0,0.0,0.0,0.0,0.0,0.0,0.0,0.0,0.0,0.0,0.0,0.0,0.0,0.0,0.0,0.0,0.0,0.0,0.0,0.0,0.0,0.0,0.0,2.0,4.5,2.25,0.0,0.0,0.0,0.0,0.0,0.0,0.0,0.0,0.0,0.0,0.0,0.0,0.115499,1
chr4-48719600-48721800,2,32.0,4.0,0.8788407754436445,0.0001798930844771,3.5,0.25,0.0605016909085144,0.0003300310079798,0.0001414043145284,4.301185422646012e-10,2.029982817205473e-05,2.093070954211601e-13,1.0210924392332626e-07,1.042626835070726e-14,2.0,11.0,1.0,2.0,24.5,6.25,0.0,0.0,0.0,0.0,0.0,0.0,0.0,0.0,0.0,0.0,0.0,0.0,0.0,0.0,0.0,0.0,0.0,0.0,0.0,0.0,0.0,0.0,0.0,0.0,0.0,0.0,0.0,0.0,0.0,0.0,0.0,0.0,0.0,1.0,14.0,0.0,0.0,0.0,0.0,0.0729223,4
chr12-6506400-6506600,2,30.0,100.0,0.8009946308618845,0.0392494411335127,1.0,0.0,0.0774664579440821,0.0038796432614114,0.000343141136589,3.1992288267615e-09,0.0001231347242939,1.038691541916307e-08,0.0007915205565825,6.265047914928147e-07,0.0,0.0,0.0,2.0,21.5,72.25,0.0,0.0,0.0,0.0,0.0,0.0,0.0,0.0,0.0,0.0,0.0,0.0,0.0,0.0,0.0,0.0,0.0,0.0,0.0,0.0,0.0,0.0,0.0,0.0,0.0,0.0,0.0,0.0,0.0,0.0,0.0,0.0,0.0,0.0,0.0,0.0,0.0,0.0,0.0,0.053805,0
chr22-22936400-22937200,5,60.2,148.56,0.6421046419479318,0.1857085777647082,2.4,0.64,0.0896613633168345,0.0059832185131163,0.0003205164462644,1.0476407998034988e-08,0.000397345448522,1.9825467744188117e-07,0.0332577966296142,0.0016592362467471,0.0,0.0,0.0,4.0,35.75,0.6875,0.0,0.0,0.0,0.0,0.0,0.0,4.0,31.75,158.1875,0.0,0.0,0.0,0.0,0.0,0.0,0.0,0.0,0.0,0.0,0.0,0.0,0.0,0.0,0.0,0.0,0.0,0.0,0.0,0.0,0.0,0.0,0.0,0.0,4.0,11.0,16.5,0.0,0.0,0.0,0.0589225,2
chr7-110824400-110825400,1,42.0,0.0,0.6228476072636789,0.0,4.0,0.0,0.0232633716573985,0.0,0.0001621436139926,0.0,5.450303084266825e-05,0.0,9.77017642407934e-18,0.0,0.0,0.0,0.0,1.0,20.0,0.0,0.0,0.0,0.0,1.0,6.0,0.0,0.0,0.0,0.0,0.0,0.0,0.0,0.0,0.0,0.0,0.0,0.0,0.0,1.0,7.0,0.0,0.0,0.0,0.0,0.0,0.0,0.0,0.0,0.0,0.0,0.0,0.0,0.0,1.0,20.0,0.0,0.0,0.0,0.0,0.20714,4
chr12-6242800-6243000,1,42.0,0.0,0.8671844380542791,0.0,1.0,0.0,0.0706358980710335,0.0,0.0002036222129209,0.0,6.01759349109511e-05,0.0,2.2422272273101304e-08,0.0,0.0,0.0,0.0,0.0,0.0,0.0,0.0,0.0,0.0,0.0,0.0,0.0,1.0,17.0,0.0,0.0,0.0,0.0,0.0,0.0,0.0,0.0,0.0,0.0,0.0,0.0,0.0,0.0,0.0,0.0,0.0,0.0,0.0,0.0,0.0,0.0,0.0,0.0,0.0,0.0,0.0,0.0,0.0,0.0,0.0,0.0016649999999999,1
chr3-53037800-53038800,4,37.25,8.6875,0.293376298359313,0.1505051066363526,1.0,0.0,0.0389046901346492,0.0023755558852152,0.0002385019438379,3.170346899853236e-08,4.7296756436676645e-05,4.17049533381849e-09,5.36175070406245e-05,8.624511182084002e-09,0.0,0.0,0.0,0.0,0.0,0.0,0.0,0.0,0.0,0.0,0.0,0.0,0.0,0.0,0.0,0.0,0.0,0.0,0.0,0.0,0.0,0.0,0.0,0.0,0.0,0.0,0.0,0.0,0.0,0.0,0.0,0.0,0.0,0.0,0.0,0.0,0.0,0.0,0.0,4.0,13.25,0.6875,0.0,0.0,0.0,0.039028,1
chr6-55414400-55415600,1,49.0,0.0,0.1255324353185369,0.0,2.0,0.0,0.0001847683043171,0.0,0.0001847683043171,0.0,5.97791773259538e-05,0.0,3.5594060030504503e-37,0.0,0.0,0.0,0.0,0.0,0.0,0.0,0.0,0.0,0.0,1.0,9.0,0.0,0.0,0.0,0.0,0.0,0.0,0.0,0.0,0.0,0.0,0.0,0.0,0.0,0.0,0.0,0.0,0.0,0.0,0.0,1.0,15.0,0.0,0.0,0.0,0.0,0.0,0.0,0.0,0.0,0.0,0.0,0.0,0.0,0.0,0.0319842,2
chr16-56615600-56617000,14,35.285714285714285,27.632653061224488,0.4888255909063214,0.1044346585520285,2.2142857142857144,0.8826530612244899,0.0106705648880027,0.000675795948119,0.000147868511764,1.88536866164863e-09,8.743952317620001e-06,3.453826787603828e-11,1.2923713832737197e-08,1.8150327768745068e-15,0.0,0.0,0.0,11.0,24.818181818181817,27.05785123966943,0.0,0.0,0.0,0.0,0.0,0.0,11.0,3.9090909090909087,2.0826446280991737,0.0,0.0,0.0,0.0,0.0,0.0,0.0,0.0,0.0,7.0,8.142857142857142,4.979591836734694,0.0,0.0,0.0,0.0,0.0,0.0,0.0,0.0,0.0,0.0,0.0,0.0,0.0,0.0,0.0,0.0,0.0,0.0,0.116375,3
chr10-94162000-94163000,2,50.0,36.0,0.5643636449104095,0.0712204086888131,1.0,0.0,0.0001885390860379,5.118766122818395e-10,0.0001979660403398,1.0273079232600816e-09,3.021794067792298e-05,8.03188201002896e-12,3.632011662170474e-37,1.8977694250509621e-75,0.0,0.0,0.0,2.0,27.5,56.25,0.0,0.0,0.0,0.0,0.0,0.0,0.0,0.0,0.0,0.0,0.0,0.0,0.0,0.0,0.0,0.0,0.0,0.0,0.0,0.0,0.0,0.0,0.0,0.0,0.0,0.0,0.0,0.0,0.0,0.0,0.0,0.0,0.0,0.0,0.0,0.0,0.0,0.0,0.0,0.154203,0
chr3-11110000-11111600,1,41.0,0.0,0.5076069587167891,0.0,1.0,0.0,0.000154602050551,0.0,0.0001621436139926,0.0,3.833799311445567e-05,0.0,2.9785607300902584e-37,0.0,0.0,0.0,0.0,1.0,34.0,0.0,0.0,0.0,0.0,0.0,0.0,0.0,0.0,0.0,0.0,0.0,0.0,0.0,0.0,0.0,0.0,0.0,0.0,0.0,0.0,0.0,0.0,0.0,0.0,0.0,0.0,0.0,0.0,0.0,0.0,0.0,0.0,0.0,0.0,0.0,0.0,0.0,0.0,0.0,0.0,0.262829,0
chr20-6027000-6027200,1,41.0,0.0,0.4333352053752461,0.0,1.0,0.0,0.000154602050551,0.0,0.0001583728322718,0.0,2.160052555246728e-05,0.0,2.9785607300902584e-37,0.0,0.0,0.0,0.0,1.0,33.0,0.0,0.0,0.0,0.0,0.0,0.0,0.0,0.0,0.0,0.0,0.0,0.0,0.0,0.0,0.0,0.0,0.0,0.0,0.0,0.0,0.0,0.0,0.0,0.0,0.0,0.0,0.0,0.0,0.0,0.0,0.0,0.0,0.0,0.0,0.0,0.0,0.0,0.0,0.0,0.0,0.01407,0
chr22-22929200-22929800,5,60.2,148.56,0.6421046419479318,0.1857085777647082,2.4,0.64,0.0896613633168345,0.0059832185131163,0.0003205164462644,1.0476407998034988e-08,0.000397345448522,1.9825467744188117e-07,0.0332577966296142,0.0016592362467471,0.0,0.0,0.0,4.0,34.5,2.25,0.0,0.0,0.0,0.0,0.0,0.0,4.0,31.75,158.1875,0.0,0.0,0.0,0.0,0.0,0.0,0.0,0.0,0.0,0.0,0.0,0.0,0.0,0.0,0.0,0.0,0.0,0.0,0.0,0.0,0.0,0.0,0.0,0.0,4.0,11.0,16.5,0.0,0.0,0.0,0.00920333,2
chr1-28552000-28552200,3,37.66666666666666,22.222222222222232,0.9643144669680872,0.0005742235077226,1.0,0.0,0.0080384545654358,0.0001048568987021,0.0001671713229536,4.202443792190413e-10,9.916811184691871e-06,7.434872621693124e-13,6.685710789472998e-17,8.939745752036494e-33,0.0,0.0,0.0,3.0,24.33333333333333,4.2222222222222205,0.0,0.0,0.0,0.0,0.0,0.0,0.0,0.0,0.0,0.0,0.0,0.0,0.0,0.0,0.0,0.0,0.0,0.0,0.0,0.0,0.0,0.0,0.0,0.0,0.0,0.0,0.0,0.0,0.0,0.0,0.0,0.0,0.0,0.0,0.0,0.0,0.0,0.0,0.0,0.21044,0
chr10-81993400-81993800,4,37.75,44.1875,0.6047944009699134,0.1522292236730701,1.0,0.0,0.0136258393296646,0.0005441409608585,0.0001687424820039,1.673374411331084e-09,1.6544668631725785e-05,1.9006690908812107e-11,3.5471719393607927e-10,3.774728630216584e-19,1.0,13.0,0.0,0.0,0.0,0.0,0.0,0.0,0.0,0.0,0.0,0.0,0.0,0.0,0.0,0.0,0.0,0.0,0.0,0.0,0.0,0.0,0.0,0.0,0.0,0.0,0.0,0.0,0.0,0.0,0.0,0.0,0.0,0.0,0.0,0.0,0.0,0.0,0.0,0.0,0.0,0.0,0.0,0.0,0.0,0.219605,2
chr5-112670600-112671600,1,28.0,0.0,0.829499613836903,0.0,1.0,0.0,0.1019011116265509,0.0,0.0001131234516227,0.0,5.512439948551183e-05,0.0,0.0001406899886888,0.0,0.0,0.0,0.0,0.0,0.0,0.0,0.0,0.0,0.0,0.0,0.0,0.0,0.0,0.0,0.0,0.0,0.0,0.0,0.0,0.0,0.0,0.0,0.0,0.0,0.0,0.0,0.0,0.0,0.0,0.0,0.0,0.0,0.0,0.0,0.0,0.0,0.0,0.0,0.0,1.0,6.0,0.0,0.0,0.0,0.0,0.051331,1
chr1-23908800-23909000,6,29.16666666666667,31.13888888888889,0.5861916638198491,0.128447302965239,2.333333333333333,1.2222222222222223,0.0259257237992339,0.0015262986738482,0.0001332342874668,1.372903629854688e-09,2.190466011380953e-05,7.613895837501327e-10,2.003573616291326e-05,2.0071536178606703e-09,0.0,0.0,0.0,0.0,0.0,0.0,0.0,0.0,0.0,0.0,0.0,0.0,4.0,6.75,5.6875,0.0,0.0,0.0,0.0,0.0,0.0,0.0,0.0,0.0,0.0,0.0,0.0,0.0,0.0,0.0,0.0,0.0,0.0,4.0,4.75,3.1875,0.0,0.0,0.0,0.0,0.0,0.0,4.0,3.75,2.1875,0.21574,4
chr7-6666400-6666600,2,56.0,16.0,0.457328980648668,0.0957122952522612,1.0,0.0,0.0291093750458697,0.0008359785928523,0.0002130491672228,2.8793059440853486e-10,1.6078850536753004e-05,4.0704014787426095e-12,1.887519967707108e-09,3.56273162849304e-18,0.0,0.0,0.0,0.0,0.0,0.0,0.0,0.0,0.0,0.0,0.0,0.0,2.0,27.5,2.25,0.0,0.0,0.0,0.0,0.0,0.0,0.0,0.0,0.0,0.0,0.0,0.0,0.0,0.0,0.0,0.0,0.0,0.0,0.0,0.0,0.0,0.0,0.0,0.0,0.0,0.0,0.0,0.0,0.0,0.0,0.010255,1
chr2-89135400-89135600,2,44.0,1.0,0.8378336693279045,0.0244372837839864,1.5,0.25,0.0407114935007694,0.0016174449691025,0.0002262469032455,2.2750071656970678e-10,5.319421822525761e-05,4.3229951862673277e-10,3.433638975134867e-07,1.178987661156522e-13,0.0,0.0,0.0,0.0,0.0,0.0,0.0,0.0,0.0,0.0,0.0,0.0,2.0,16.0,4.0,0.0,0.0,0.0,0.0,0.0,0.0,0.0,0.0,0.0,0.0,0.0,0.0,0.0,0.0,0.0,0.0,0.0,0.0,0.0,0.0,0.0,0.0,0.0,0.0,0.0,0.0,0.0,1.0,9.0,0.0,0.0055,2
chr1-43385400-43386200,6,39.5,9.916666666666666,0.5128112764237148,0.0856385793327512,2.1666666666666665,0.1388888888888888,0.0451981614395573,0.0024727803220604,0.0001659143957133,6.635437566616436e-11,1.942821761644005e-05,1.7943957088369558e-10,6.204056216960024e-05,1.7374656194028654e-08,1.0,14.0,0.0,6.0,25.83333333333333,14.47222222222222,0.0,0.0,0.0,0.0,0.0,0.0,6.0,8.5,5.25,0.0,0.0,0.0,0.0,0.0,0.0,0.0,0.0,0.0,0.0,0.0,0.0,0.0,0.0,0.0,0.0,0.0,0.0,0.0,0.0,0.0,0.0,0.0,0.0,0.0,0.0,0.0,0.0,0.0,0.0,0.170864,2
chr9-24504600-24505000,1,26.0,0.0,0.11437135981131,0.0,1.0,0.0,9.80403247397218e-05,0.0,9.80403247397218e-05,0.0,3.430450301526295e-05,0.0,1.8894758432899867e-37,0.0,0.0,0.0,0.0,1.0,26.0,0.0,0.0,0.0,0.0,0.0,0.0,0.0,0.0,0.0,0.0,0.0,0.0,0.0,0.0,0.0,0.0,0.0,0.0,0.0,0.0,0.0,0.0,0.0,0.0,0.0,0.0,0.0,0.0,0.0,0.0,0.0,0.0,0.0,0.0,0.0,0.0,0.0,0.0,0.0,0.0,0.211908,0
chr12-15570600-15572400,2,30.5,12.25,0.5171006771918515,0.019509574105631,1.0,0.0,0.078504853303279,0.0007649035102805,0.0001225504059246,8.886746741004169e-11,3.895310927240804e-05,2.1430575694844988e-11,1.205856203798846e-05,1.4538880917369346e-10,0.0,0.0,0.0,2.0,22.5,0.25,0.0,0.0,0.0,0.0,0.0,0.0,0.0,0.0,0.0,0.0,0.0,0.0,0.0,0.0,0.0,0.0,0.0,0.0,0.0,0.0,0.0,0.0,0.0,0.0,0.0,0.0,0.0,0.0,0.0,0.0,0.0,0.0,0.0,0.0,0.0,0.0,0.0,0.0,0.0,0.0797067,1
chr8-24978400-24979400,1,37.0,0.0,0.376101356563937,0.0,1.0,0.0,0.000139518923668,0.0,0.0001432897053888,0.0,3.589667015968114e-05,0.0,2.6881380936101865e-37,0.0,0.0,0.0,0.0,0.0,0.0,0.0,0.0,0.0,0.0,0.0,0.0,0.0,0.0,0.0,0.0,1.0,4.0,0.0,0.0,0.0,0.0,0.0,0.0,0.0,0.0,0.0,0.0,0.0,0.0,0.0,0.0,0.0,0.0,0.0,0.0,0.0,0.0,0.0,0.0,0.0,0.0,0.0,0.0,0.0,0.0,0.115048,1
chrX-1794000-1794200,1,44.0,0.0,0.11437135981131,0.0,1.0,0.0,0.0001659143957133,0.0,0.0001659143957133,0.0,2.3993325318078583e-05,0.0,3.196377707450348e-37,0.0,0.0,0.0,0.0,0.0,0.0,0.0,0.0,0.0,0.0,0.0,0.0,0.0,0.0,0.0,0.0,0.0,0.0,0.0,0.0,0.0,0.0,0.0,0.0,0.0,0.0,0.0,0.0,0.0,0.0,0.0,0.0,0.0,0.0,0.0,0.0,0.0,0.0,0.0,0.0,1.0,22.0,0.0,0.0,0.0,0.0,0.011705,1
chr19-35140800-35141000,2,22.5,0.25,0.8610833175528599,0.0,1.0,0.0,0.0748797384398501,0.0055945584841626,9.615493387934252e-05,1.7418023612368156e-10,0.0002439759090313,5.5355025051622926e-08,0.0098454321422087,9.693253406683692e-05,0.0,0.0,0.0,0.0,0.0,0.0,0.0,0.0,0.0,0.0,0.0,0.0,0.0,0.0,0.0,0.0,0.0,0.0,0.0,0.0,0.0,0.0,0.0,0.0,0.0,0.0,0.0,0.0,0.0,0.0,0.0,0.0,0.0,0.0,0.0,0.0,2.0,2.5,2.25,0.0,0.0,0.0,0.0,0.0,0.0,0.18204,1
chrX-146844000-146845800,1,28.0,0.0,0.969877460992433,0.0,3.0,0.0,0.0110103891044607,0.0,0.0001659143957133,0.0,3.189031711838018e-05,0.0,2.3381430279647893e-19,0.0,0.0,0.0,0.0,1.0,21.0,0.0,0.0,0.0,0.0,0.0,0.0,0.0,1.0,9.0,0.0,0.0,0.0,0.0,0.0,0.0,0.0,0.0,0.0,0.0,0.0,0.0,0.0,0.0,0.0,0.0,0.0,0.0,0.0,0.0,0.0,0.0,0.0,0.0,0.0,1.0,5.0,0.0,0.0,0.0,0.0,0.066745,2
chr6-167488200-167488400,6,33.0,9.333333333333334,0.474613661691135,0.1370354022377977,1.0,0.0,0.0061704160940637,0.0001651333161554,0.0001476889507297,2.741462627969329e-09,1.4553614547792743e-05,2.846719346924325e-11,1.0629696902218542e-14,5.6495228116511675e-28,0.0,0.0,0.0,0.0,0.0,0.0,0.0,0.0,0.0,0.0,0.0,0.0,6.0,11.666666666666664,5.888888888888888,0.0,0.0,0.0,0.0,0.0,0.0,0.0,0.0,0.0,0.0,0.0,0.0,0.0,0.0,0.0,0.0,0.0,0.0,0.0,0.0,0.0,0.0,0.0,0.0,0.0,0.0,0.0,0.0,0.0,0.0,0.034755,1
chr20-37670600-37672200,1,35.0,0.0,0.4569932885091551,0.0,2.0,0.0,0.0232523642414314,0.0,0.0001508312688303,0.0,2.211986747486388e-05,0.0,9.77017642407934e-18,0.0,1.0,10.0,0.0,1.0,26.0,0.0,0.0,0.0,0.0,0.0,0.0,0.0,0.0,0.0,0.0,0.0,0.0,0.0,0.0,0.0,0.0,0.0,0.0,0.0,0.0,0.0,0.0,0.0,0.0,0.0,0.0,0.0,0.0,0.0,0.0,0.0,0.0,0.0,0.0,0.0,0.0,0.0,0.0,0.0,0.0,0.0254656,1
chr13-84480200-84481000,1,52.0,0.0,0.4608638169284191,0.0,1.0,0.0,0.0878983425896881,0.0,0.0001998514312002,0.0,9.757915976622856e-05,0.0,6.917199621547464e-07,0.0,0.0,0.0,0.0,1.0,49.0,0.0,0.0,0.0,0.0,0.0,0.0,0.0,0.0,0.0,0.0,0.0,0.0,0.0,0.0,0.0,0.0,0.0,0.0,0.0,0.0,0.0,0.0,0.0,0.0,0.0,0.0,0.0,0.0,0.0,0.0,0.0,0.0,0.0,0.0,0.0,0.0,0.0,0.0,0.0,0.0,0.054655,0
chr17-58412200-58413600,2,42.5,12.25,0.6520100305366631,0.0984341564534526,3.0,0.0,0.0769050607618674,0.0058917906061797,0.0001998514312002,2.786883777978907e-09,0.0001780903596145,2.36693157060384e-08,0.0092572886863411,8.569739382226056e-05,2.0,17.0,1.0,2.0,29.0,25.0,0.0,0.0,0.0,0.0,0.0,0.0,0.0,0.0,0.0,0.0,0.0,0.0,0.0,0.0,0.0,0.0,0.0,0.0,0.0,0.0,0.0,0.0,0.0,0.0,0.0,0.0,0.0,0.0,0.0,0.0,0.0,0.0,0.0,0.0,0.0,0.0,0.0,0.0,0.0,0.125158,2
